subreddit,unique_fingerprints,originated_count,avg_adoption_delay_hours,total_posts,avg_best_score,originator_rate_pct
funny,21,7,150.63768518518518,78,3460.6666666666665,33.33
teenagers,23,6,188.18350241545895,67,3177.2608695652175,26.09
pics,19,5,145.29953216374267,77,3506.9473684210525,26.32
AdviceAnimals,21,4,190.5468253968254,73,3204.8571428571427,19.05
memes,23,3,173.19679951690821,92,3409.7391304347825,13.04
aww,22,2,129.72349747474746,84,3736.7272727272725,9.09
